key,message
1,"{""id"":1,""firstName"":""fsj-firstname"",""lastName"":""jwcdf-name"",""timestamp"":""2019-02-28T12:48:25.192""}"
2,"{""id"":2,""firstName"":""tum-firstname"",""lastName"":""flhxu-name"",""timestamp"":""2019-02-28T12:48:25.193""}"
3,"{""id"":3,""firstName"":""gfe-firstname"",""lastName"":""xthfg-name"",""timestamp"":""2019-02-28T12:48:25.194""}"
4,"{""id"":4,""firstName"":""bnl-firstname"",""lastName"":""ulzrz-name"",""timestamp"":""2019-02-28T12:48:25.194""}"
5,"{""id"":5,""firstName"":""onx-firstname"",""lastName"":""oxhyr-name"",""timestamp"":""2019-02-28T12:48:25.194""}"
6,"{""id"":6,""firstName"":""sce-firstname"",""lastName"":""fiqjz-name"",""timestamp"":""2019-02-28T12:48:25.194""}"
7,"{""id"":7,""firstName"":""xti-firstname"",""lastName"":""tkiat-name"",""timestamp"":""2019-02-28T12:48:25.194""}"
8,"{""id"":8,""firstName"":""uqd-firstname"",""lastName"":""kljcz-name"",""timestamp"":""2019-02-28T12:48:25.194""}"
9,"{""id"":9,""firstName"":""hcm-firstname"",""lastName"":""pgunz-name"",""timestamp"":""2019-02-28T12:48:25.194""}"
10,"{""id"":10,""firstName"":""uhj-firstname"",""lastName"":""oyjha-name"",""timestamp"":""2019-02-28T12:48:25.194""}"
11,"{""id"":11,""firstName"":""uph-firstname"",""lastName"":""igxbd-name"",""timestamp"":""2019-02-28T12:48:25.194""}"
12,"{""id"":12,""firstName"":""wha-firstname"",""lastName"":""vnaov-name"",""timestamp"":""2019-02-28T12:48:25.194""}"
13,"{""id"":13,""firstName"":""hwg-firstname"",""lastName"":""dauuz-name"",""timestamp"":""2019-02-28T12:48:25.194""}"
14,"{""id"":14,""firstName"":""kkb-firstname"",""lastName"":""gkuuo-name"",""timestamp"":""2019-02-28T12:48:25.194""}"
15,"{""id"":15,""firstName"":""jjk-firstname"",""lastName"":""wdhze-name"",""timestamp"":""2019-02-28T12:48:25.194""}"
16,"{""id"":16,""firstName"":""ynb-firstname"",""lastName"":""ncayz-name"",""timestamp"":""2019-02-28T12:48:25.194""}"
17,"{""id"":17,""firstName"":""hhu-firstname"",""lastName"":""rdjin-name"",""timestamp"":""2019-02-28T12:48:25.194""}"
18,"{""id"":18,""firstName"":""bdl-firstname"",""lastName"":""nxzij-name"",""timestamp"":""2019-02-28T12:48:25.194""}"
19,"{""id"":19,""firstName"":""dxw-firstname"",""lastName"":""xgrzc-name"",""timestamp"":""2019-02-28T12:48:25.194""}"
20,"{""id"":20,""firstName"":""vbe-firstname"",""lastName"":""ehgrn-name"",""timestamp"":""2019-02-28T12:48:25.194""}"
21,"{""id"":21,""firstName"":""upx-firstname"",""lastName"":""gctjx-name"",""timestamp"":""2019-02-28T12:48:25.195""}"
22,"{""id"":22,""firstName"":""hva-firstname"",""lastName"":""ptzmg-name"",""timestamp"":""2019-02-28T12:48:25.195""}"
23,"{""id"":23,""firstName"":""gnw-firstname"",""lastName"":""eyeti-name"",""timestamp"":""2019-02-28T12:48:25.195""}"
24,"{""id"":24,""firstName"":""zpj-firstname"",""lastName"":""wccwo-name"",""timestamp"":""2019-02-28T12:48:25.195""}"
25,"{""id"":25,""firstName"":""ayl-firstname"",""lastName"":""bwkoe-name"",""timestamp"":""2019-02-28T12:48:25.195""}"
26,"{""id"":26,""firstName"":""zio-firstname"",""lastName"":""rezku-name"",""timestamp"":""2019-02-28T12:48:25.195""}"
27,"{""id"":27,""firstName"":""ecx-firstname"",""lastName"":""mjlsk-name"",""timestamp"":""2019-02-28T12:48:25.195""}"
28,"{""id"":28,""firstName"":""aoq-firstname"",""lastName"":""wdjsi-name"",""timestamp"":""2019-02-28T12:48:25.195""}"
29,"{""id"":29,""firstName"":""nyb-firstname"",""lastName"":""mwfnd-name"",""timestamp"":""2019-02-28T12:48:25.195""}"
30,"{""id"":30,""firstName"":""jhh-firstname"",""lastName"":""vtuoz-name"",""timestamp"":""2019-02-28T12:48:25.195""}"
31,"{""id"":31,""firstName"":""ndr-firstname"",""lastName"":""rhhxk-name"",""timestamp"":""2019-02-28T12:48:25.195""}"
32,"{""id"":32,""firstName"":""mqz-firstname"",""lastName"":""lpstk-name"",""timestamp"":""2019-02-28T12:48:25.195""}"
33,"{""id"":33,""firstName"":""yts-firstname"",""lastName"":""ldhyr-name"",""timestamp"":""2019-02-28T12:48:25.195""}"
34,"{""id"":34,""firstName"":""iti-firstname"",""lastName"":""cjdml-name"",""timestamp"":""2019-02-28T12:48:25.195""}"
35,"{""id"":35,""firstName"":""sbi-firstname"",""lastName"":""cpenz-name"",""timestamp"":""2019-02-28T12:48:25.195""}"
36,"{""id"":36,""firstName"":""anr-firstname"",""lastName"":""rxtbg-name"",""timestamp"":""2019-02-28T12:48:25.195""}"
37,"{""id"":37,""firstName"":""raa-firstname"",""lastName"":""udblf-name"",""timestamp"":""2019-02-28T12:48:25.195""}"
38,"{""id"":38,""firstName"":""gep-firstname"",""lastName"":""vvyce-name"",""timestamp"":""2019-02-28T12:48:25.195""}"
39,"{""id"":39,""firstName"":""ucu-firstname"",""lastName"":""kwfnz-name"",""timestamp"":""2019-02-28T12:48:25.195""}"
40,"{""id"":40,""firstName"":""tml-firstname"",""lastName"":""zxydx-name"",""timestamp"":""2019-02-28T12:48:25.195""}"
41,"{""id"":41,""firstName"":""jnl-firstname"",""lastName"":""bfscx-name"",""timestamp"":""2019-02-28T12:48:25.195""}"
42,"{""id"":42,""firstName"":""yra-firstname"",""lastName"":""qitur-name"",""timestamp"":""2019-02-28T12:48:25.195""}"
43,"{""id"":43,""firstName"":""ynb-firstname"",""lastName"":""msixi-name"",""timestamp"":""2019-02-28T12:48:25.195""}"
44,"{""id"":44,""firstName"":""rgh-firstname"",""lastName"":""wzkjq-name"",""timestamp"":""2019-02-28T12:48:25.195""}"
45,"{""id"":45,""firstName"":""yxr-firstname"",""lastName"":""dqfmf-name"",""timestamp"":""2019-02-28T12:48:25.195""}"
46,"{""id"":46,""firstName"":""uqe-firstname"",""lastName"":""biluz-name"",""timestamp"":""2019-02-28T12:48:25.195""}"
47,"{""id"":47,""firstName"":""zwd-firstname"",""lastName"":""wahfx-name"",""timestamp"":""2019-02-28T12:48:25.195""}"
48,"{""id"":48,""firstName"":""bta-firstname"",""lastName"":""denwt-name"",""timestamp"":""2019-02-28T12:48:25.195""}"
49,"{""id"":49,""firstName"":""ybz-firstname"",""lastName"":""akdmy-name"",""timestamp"":""2019-02-28T12:48:25.195""}"
50,"{""id"":50,""firstName"":""nht-firstname"",""lastName"":""hqafg-name"",""timestamp"":""2019-02-28T12:48:25.195""}"
